linea,anio,mes,viajeros,nombre_linea,fecha,viajeros_n1,t
A3247,2021,1,9688.0,BILBAO-Aireportua/Aeropuerto,2021-01-01,66058.0,1
A3247,2021,2,6794.0,BILBAO-Aireportua/Aeropuerto,2021-02-01,68841.0,2
A3247,2021,3,8881.0,BILBAO-Aireportua/Aeropuerto,2021-03-01,30757.0,3
A3247,2021,4,10274.0,BILBAO-Aireportua/Aeropuerto,2021-04-01,744.0,4
A3247,2021,5,16918.0,BILBAO-Aireportua/Aeropuerto,2021-05-01,1046.0,5
A3247,2021,6,33729.0,BILBAO-Aireportua/Aeropuerto,2021-06-01,2954.0,6
A3247,2021,7,54776.0,BILBAO-Aireportua/Aeropuerto,2021-07-01,23752.0,7
A3247,2021,8,67922.0,BILBAO-Aireportua/Aeropuerto,2021-08-01,32715.0,8
A3247,2021,9,56509.0,BILBAO-Aireportua/Aeropuerto,2021-09-01,27256.0,9
A3247,2021,10,55357.0,BILBAO-Aireportua/Aeropuerto,2021-10-01,22734.0,10
A3247,2021,11,43617.0,BILBAO-Aireportua/Aeropuerto,2021-11-01,7732.0,11
A3247,2021,12,45061.0,BILBAO-Aireportua/Aeropuerto,2021-12-01,11829.0,12
A3247,2022,1,31987.0,BILBAO-Aireportua/Aeropuerto,2022-01-01,9688.0,13
A3247,2022,2,35521.0,BILBAO-Aireportua/Aeropuerto,2022-02-01,6794.0,14
A3247,2022,3,47725.0,BILBAO-Aireportua/Aeropuerto,2022-03-01,8881.0,15
A3247,2022,4,75221.0,BILBAO-Aireportua/Aeropuerto,2022-04-01,10274.0,16
A3247,2022,5,77753.0,BILBAO-Aireportua/Aeropuerto,2022-05-01,16918.0,17
A3247,2022,6,86487.0,BILBAO-Aireportua/Aeropuerto,2022-06-01,33729.0,18
A3247,2022,7,99664.0,BILBAO-Aireportua/Aeropuerto,2022-07-01,54776.0,19
A3247,2022,8,110187.0,BILBAO-Aireportua/Aeropuerto,2022-08-01,67922.0,20
A3247,2022,9,97525.0,BILBAO-Aireportua/Aeropuerto,2022-09-01,56509.0,21
A3247,2022,10,93950.0,BILBAO-Aireportua/Aeropuerto,2022-10-01,55357.0,22
A3247,2022,11,69492.0,BILBAO-Aireportua/Aeropuerto,2022-11-01,43617.0,23
A3247,2022,12,76518.0,BILBAO-Aireportua/Aeropuerto,2022-12-01,45061.0,24
A3247,2023,1,66951.0,BILBAO-Aireportua/Aeropuerto,2023-01-01,31987.0,25
A3247,2023,2,65450.0,BILBAO-Aireportua/Aeropuerto,2023-02-01,35521.0,26
A3247,2023,3,76830.0,BILBAO-Aireportua/Aeropuerto,2023-03-01,47725.0,27
A3247,2023,4,98315.0,BILBAO-Aireportua/Aeropuerto,2023-04-01,75221.0,28
A3247,2023,5,108967.0,BILBAO-Aireportua/Aeropuerto,2023-05-01,77753.0,29
A3247,2023,6,113209.0,BILBAO-Aireportua/Aeropuerto,2023-06-01,86487.0,30
A3247,2023,7,133743.0,BILBAO-Aireportua/Aeropuerto,2023-07-01,99664.0,31
A3247,2023,8,145608.0,BILBAO-Aireportua/Aeropuerto,2023-08-01,110187.0,32
A3247,2023,9,128236.0,BILBAO-Aireportua/Aeropuerto,2023-09-01,97525.0,33
A3247,2023,10,123379.0,BILBAO-Aireportua/Aeropuerto,2023-10-01,93950.0,34
A3247,2023,11,89510.0,BILBAO-Aireportua/Aeropuerto,2023-11-01,69492.0,35
A3247,2023,12,97074.0,BILBAO-Aireportua/Aeropuerto,2023-12-01,76518.0,36
A3247,2024,1,81941.0,BILBAO-Aireportua/Aeropuerto,2024-01-01,66951.0,37
A3247,2024,2,83167.0,BILBAO-Aireportua/Aeropuerto,2024-02-01,65450.0,38
A3247,2024,3,99078.0,BILBAO-Aireportua/Aeropuerto,2024-03-01,76830.0,39
A3247,2024,4,113147.0,BILBAO-Aireportua/Aeropuerto,2024-04-01,98315.0,40
A3247,2024,5,119611.0,BILBAO-Aireportua/Aeropuerto,2024-05-01,108967.0,41
A3247,2024,6,124934.0,BILBAO-Aireportua/Aeropuerto,2024-06-01,113209.0,42
A3247,2024,7,138823.0,BILBAO-Aireportua/Aeropuerto,2024-07-01,133743.0,43
A3247,2024,8,142793.0,BILBAO-Aireportua/Aeropuerto,2024-08-01,145608.0,44
A3247,2024,9,136340.0,BILBAO-Aireportua/Aeropuerto,2024-09-01,128236.0,45
A3247,2024,10,98501.0,BILBAO-Aireportua/Aeropuerto,2024-10-01,123379.0,46
A3247,2024,11,97222.0,BILBAO-Aireportua/Aeropuerto,2024-11-01,89510.0,47
A3247,2024,12,99780.0,BILBAO-Aireportua/Aeropuerto,2024-12-01,97074.0,48
A3247,2025,1,85369.0,BILBAO-Aireportua/Aeropuerto,2025-01-01,81941.0,49
A3247,2025,2,89352.0,BILBAO-Aireportua/Aeropuerto,2025-02-01,83167.0,50
A3247,2025,3,107641.0,BILBAO-Aireportua/Aeropuerto,2025-03-01,99078.0,51
A3247,2025,4,129031.0,BILBAO-Aireportua/Aeropuerto,2025-04-01,113147.0,52
A3247,2025,5,136679.0,BILBAO-Aireportua/Aeropuerto,2025-05-01,119611.0,53
A3247,2025,6,133060.0,BILBAO-Aireportua/Aeropuerto,2025-06-01,124934.0,54
A3247,2025,7,134767.0,BILBAO-Aireportua/Aeropuerto,2025-07-01,138823.0,55
A3247,2025,8,141678.0,BILBAO-Aireportua/Aeropuerto,2025-08-01,142793.0,56
A3247,2025,9,135795.0,BILBAO-Aireportua/Aeropuerto,2025-09-01,136340.0,57
A3247,2025,10,133316.0,BILBAO-Aireportua/Aeropuerto,2025-10-01,98501.0,58
A3247,2025,11,104918.0,BILBAO-Aireportua/Aeropuerto,2025-11-01,97222.0,59
A3247,2025,12,100881.0,BILBAO-Aireportua/Aeropuerto,2025-12-01,99780.0,60
A3527,2021,1,38093.0,BILBAO - MUNGIA - BERMEO (Por la autopista/tik),2021-01-01,52680.0,1
A3527,2021,2,40211.0,BILBAO - MUNGIA - BERMEO (Por la autopista/tik),2021-02-01,54358.0,2
A3527,2021,3,51527.0,BILBAO - MUNGIA - BERMEO (Por la autopista/tik),2021-03-01,24370.0,3
A3527,2021,4,45034.0,BILBAO - MUNGIA - BERMEO (Por la autopista/tik),2021-04-01,4122.0,4
A3527,2021,5,52838.0,BILBAO - MUNGIA - BERMEO (Por la autopista/tik),2021-05-01,11991.0,5
A3527,2021,6,53822.0,BILBAO - MUNGIA - BERMEO (Por la autopista/tik),2021-06-01,25328.0,6
A3527,2021,7,47912.0,BILBAO - MUNGIA - BERMEO (Por la autopista/tik),2021-07-01,28096.0,7
A3527,2021,8,37185.0,BILBAO - MUNGIA - BERMEO (Por la autopista/tik),2021-08-01,21351.0,8
A3527,2021,9,61129.0,BILBAO - MUNGIA - BERMEO (Por la autopista/tik),2021-09-01,35333.0,9
A3527,2021,10,67960.0,BILBAO - MUNGIA - BERMEO (Por la autopista/tik),2021-10-01,39855.0,10
A3527,2021,11,69555.0,BILBAO - MUNGIA - BERMEO (Por la autopista/tik),2021-11-01,29147.0,11
A3527,2021,12,60233.0,BILBAO - MUNGIA - BERMEO (Por la autopista/tik),2021-12-01,29662.0,12
A3527,2022,1,55971.0,BILBAO - MUNGIA - BERMEO (Por la autopista/tik),2022-01-01,38093.0,13
A3527,2022,2,65121.0,BILBAO - MUNGIA - BERMEO (Por la autopista/tik),2022-02-01,40211.0,14
A3527,2022,3,78610.0,BILBAO - MUNGIA - BERMEO (Por la autopista/tik),2022-03-01,51527.0,15
A3527,2022,4,63333.0,BILBAO - MUNGIA - BERMEO (Por la autopista/tik),2022-04-01,45034.0,16
A3527,2022,5,76148.0,BILBAO - MUNGIA - BERMEO (Por la autopista/tik),2022-05-01,52838.0,17
A3527,2022,6,69956.0,BILBAO - MUNGIA - BERMEO (Por la autopista/tik),2022-06-01,53822.0,18
A3527,2022,7,55997.0,BILBAO - MUNGIA - BERMEO (Por la autopista/tik),2022-07-01,47912.0,19
A3527,2022,8,51426.0,BILBAO - MUNGIA - BERMEO (Por la autopista/tik),2022-08-01,37185.0,20
A3527,2022,9,76064.0,BILBAO - MUNGIA - BERMEO (Por la autopista/tik),2022-09-01,61129.0,21
A3527,2022,10,82849.0,BILBAO - MUNGIA - BERMEO (Por la autopista/tik),2022-10-01,67960.0,22
A3527,2022,11,84697.0,BILBAO - MUNGIA - BERMEO (Por la autopista/tik),2022-11-01,69555.0,23
A3527,2022,12,77765.0,BILBAO - MUNGIA - BERMEO (Por la autopista/tik),2022-12-01,60233.0,24
A3527,2023,1,71648.0,BILBAO - MUNGIA - BERMEO (Por la autopista/tik),2023-01-01,55971.0,25
A3527,2023,2,69514.0,BILBAO - MUNGIA - BERMEO (Por la autopista/tik),2023-02-01,65121.0,26
A3527,2023,3,77860.0,BILBAO - MUNGIA - BERMEO (Por la autopista/tik),2023-03-01,78610.0,27
A3527,2023,4,58173.0,BILBAO - MUNGIA - BERMEO (Por la autopista/tik),2023-04-01,63333.0,28
A3527,2023,5,80437.0,BILBAO - MUNGIA - BERMEO (Por la autopista/tik),2023-05-01,76148.0,29
A3527,2023,6,76983.0,BILBAO - MUNGIA - BERMEO (Por la autopista/tik),2023-06-01,69956.0,30
A3527,2023,7,62306.0,BILBAO - MUNGIA - BERMEO (Por la autopista/tik),2023-07-01,55997.0,31
A3527,2023,8,5744.0,BILBAO - MUNGIA - BERMEO (Por la autopista/tik),2023-08-01,51426.0,32
A3527,2023,9,83400.0,BILBAO - MUNGIA - BERMEO (Por la autopista/tik),2023-09-01,76064.0,33
A3527,2023,10,92027.0,BILBAO - MUNGIA - BERMEO (Por la autopista/tik),2023-10-01,82849.0,34
A3527,2023,11,90466.0,BILBAO - MUNGIA - BERMEO (Por la autopista/tik),2023-11-01,84697.0,35
A3527,2023,12,81213.0,BILBAO - MUNGIA - BERMEO (Por la autopista/tik),2023-12-01,77765.0,36
A3527,2024,1,85503.0,BILBAO - MUNGIA - BERMEO (Por la autopista/tik),2024-01-01,71648.0,37
A3527,2024,2,88361.0,BILBAO - MUNGIA - BERMEO (Por la autopista/tik),2024-02-01,69514.0,38
A3527,2024,3,83792.0,BILBAO - MUNGIA - BERMEO (Por la autopista/tik),2024-03-01,77860.0,39
A3527,2024,4,88838.0,BILBAO - MUNGIA - BERMEO (Por la autopista/tik),2024-04-01,58173.0,40
A3527,2024,5,94636.0,BILBAO - MUNGIA - BERMEO (Por la autopista/tik),2024-05-01,80437.0,41
A3527,2024,6,82187.0,BILBAO - MUNGIA - BERMEO (Por la autopista/tik),2024-06-01,76983.0,42
A3527,2024,7,73939.0,BILBAO - MUNGIA - BERMEO (Por la autopista/tik),2024-07-01,62306.0,43
A3527,2024,8,58301.0,BILBAO - MUNGIA - BERMEO (Por la autopista/tik),2024-08-01,5744.0,44
A3527,2024,9,91884.0,BILBAO - MUNGIA - BERMEO (Por la autopista/tik),2024-09-01,83400.0,45
A3527,2024,10,92285.0,BILBAO - MUNGIA - BERMEO (Por la autopista/tik),2024-10-01,92027.0,46
A3527,2024,11,95561.0,BILBAO - MUNGIA - BERMEO (Por la autopista/tik),2024-11-01,90466.0,47
A3527,2024,12,89009.0,BILBAO - MUNGIA - BERMEO (Por la autopista/tik),2024-12-01,81213.0,48
A3527,2025,1,92358.0,BILBAO - MUNGIA - BERMEO (Por la autopista/tik),2025-01-01,85503.0,49
A3527,2025,2,93559.0,BILBAO - MUNGIA - BERMEO (Por la autopista/tik),2025-02-01,88361.0,50
A3527,2025,3,98398.0,BILBAO - MUNGIA - BERMEO (Por la autopista/tik),2025-03-01,83792.0,51
A3527,2025,4,83862.0,BILBAO - MUNGIA - BERMEO (Por la autopista/tik),2025-04-01,88838.0,52
A3527,2025,5,99127.0,BILBAO - MUNGIA - BERMEO (Por la autopista/tik),2025-05-01,94636.0,53
A3527,2025,6,86423.0,BILBAO - MUNGIA - BERMEO (Por la autopista/tik),2025-06-01,82187.0,54
A3527,2025,7,79248.0,BILBAO - MUNGIA - BERMEO (Por la autopista/tik),2025-07-01,73939.0,55
A3527,2025,8,63746.0,BILBAO - MUNGIA - BERMEO (Por la autopista/tik),2025-08-01,58301.0,56
A3527,2025,9,100364.0,BILBAO - MUNGIA - BERMEO (Por la autopista/tik),2025-09-01,91884.0,57
A3527,2025,10,108613.0,BILBAO - MUNGIA - BERMEO (Por la autopista/tik),2025-10-01,92285.0,58
A3527,2025,11,98221.0,BILBAO - MUNGIA - BERMEO (Por la autopista/tik),2025-11-01,95561.0,59
A3527,2025,12,95310.0,BILBAO - MUNGIA - BERMEO (Por la autopista/tik),2025-12-01,89009.0,60
A3915,2021,1,26965.0,BILBAO - DURANGO - ONDARROA (Autopista),2021-01-01,47433.0,1
A3915,2021,2,26008.0,BILBAO - DURANGO - ONDARROA (Autopista),2021-02-01,49106.0,2
A3915,2021,3,35094.0,BILBAO - DURANGO - ONDARROA (Autopista),2021-03-01,21574.0,3
A3915,2021,4,29867.0,BILBAO - DURANGO - ONDARROA (Autopista),2021-04-01,4258.0,4
A3915,2021,5,36802.0,BILBAO - DURANGO - ONDARROA (Autopista),2021-05-01,12119.0,5
A3915,2021,6,39935.0,BILBAO - DURANGO - ONDARROA (Autopista),2021-06-01,26451.0,6
A3915,2021,7,37429.0,BILBAO - DURANGO - ONDARROA (Autopista),2021-07-01,32393.0,7
A3915,2021,8,34518.0,BILBAO - DURANGO - ONDARROA (Autopista),2021-08-01,27113.0,8
A3915,2021,9,39955.0,BILBAO - DURANGO - ONDARROA (Autopista),2021-09-01,32365.0,9
A3915,2021,10,41553.0,BILBAO - DURANGO - ONDARROA (Autopista),2021-10-01,31326.0,10
A3915,2021,11,37177.0,BILBAO - DURANGO - ONDARROA (Autopista),2021-11-01,25389.0,11
A3915,2021,12,36594.0,BILBAO - DURANGO - ONDARROA (Autopista),2021-12-01,27379.0,12
A3915,2022,1,35563.0,BILBAO - DURANGO - ONDARROA (Autopista),2022-01-01,26965.0,13
A3915,2022,2,38016.0,BILBAO - DURANGO - ONDARROA (Autopista),2022-02-01,26008.0,14
A3915,2022,3,46990.0,BILBAO - DURANGO - ONDARROA (Autopista),2022-03-01,35094.0,15
A3915,2022,4,41142.0,BILBAO - DURANGO - ONDARROA (Autopista),2022-04-01,29867.0,16
A3915,2022,5,47910.0,BILBAO - DURANGO - ONDARROA (Autopista),2022-05-01,36802.0,17
A3915,2022,6,46557.0,BILBAO - DURANGO - ONDARROA (Autopista),2022-06-01,39935.0,18
A3915,2022,7,45725.0,BILBAO - DURANGO - ONDARROA (Autopista),2022-07-01,37429.0,19
A3915,2022,8,42048.0,BILBAO - DURANGO - ONDARROA (Autopista),2022-08-01,34518.0,20
A3915,2022,9,47056.0,BILBAO - DURANGO - ONDARROA (Autopista),2022-09-01,39955.0,21
A3915,2022,10,49467.0,BILBAO - DURANGO - ONDARROA (Autopista),2022-10-01,41553.0,22
A3915,2022,11,43677.0,BILBAO - DURANGO - ONDARROA (Autopista),2022-11-01,37177.0,23
A3915,2022,12,42261.0,BILBAO - DURANGO - ONDARROA (Autopista),2022-12-01,36594.0,24
A3915,2023,1,35200.0,BILBAO - DURANGO - ONDARROA (Autopista),2023-01-01,35563.0,25
A3915,2023,2,37202.0,BILBAO - DURANGO - ONDARROA (Autopista),2023-02-01,38016.0,26
A3915,2023,3,42183.0,BILBAO - DURANGO - ONDARROA (Autopista),2023-03-01,46990.0,27
A3915,2023,4,45416.0,BILBAO - DURANGO - ONDARROA (Autopista),2023-04-01,41142.0,28
A3915,2023,5,53309.0,BILBAO - DURANGO - ONDARROA (Autopista),2023-05-01,47910.0,29
A3915,2023,6,52757.0,BILBAO - DURANGO - ONDARROA (Autopista),2023-06-01,46557.0,30
A3915,2023,7,51105.0,BILBAO - DURANGO - ONDARROA (Autopista),2023-07-01,45725.0,31
A3915,2023,8,46950.0,BILBAO - DURANGO - ONDARROA (Autopista),2023-08-01,42048.0,32
A3915,2023,9,53274.0,BILBAO - DURANGO - ONDARROA (Autopista),2023-09-01,47056.0,33
A3915,2023,10,56056.0,BILBAO - DURANGO - ONDARROA (Autopista),2023-10-01,49467.0,34
A3915,2023,11,53913.0,BILBAO - DURANGO - ONDARROA (Autopista),2023-11-01,43677.0,35
A3915,2023,12,53058.0,BILBAO - DURANGO - ONDARROA (Autopista),2023-12-01,42261.0,36
A3915,2024,1,50.724,BILBAO - DURANGO - ONDARROA (Autopista),2024-01-01,35200.0,37
A3915,2024,2,51481.0,BILBAO - DURANGO - ONDARROA (Autopista),2024-02-01,37202.0,38
A3915,2024,3,53269.0,BILBAO - DURANGO - ONDARROA (Autopista),2024-03-01,42183.0,39
A3915,2024,4,54381.0,BILBAO - DURANGO - ONDARROA (Autopista),2024-04-01,45416.0,40
A3915,2024,5,58499.0,BILBAO - DURANGO - ONDARROA (Autopista),2024-05-01,53309.0,41
A3915,2024,6,57972.0,BILBAO - DURANGO - ONDARROA (Autopista),2024-06-01,52757.0,42
A3915,2024,7,54735.0,BILBAO - DURANGO - ONDARROA (Autopista),2024-07-01,51105.0,43
A3915,2024,8,53496.0,BILBAO - DURANGO - ONDARROA (Autopista),2024-08-01,46950.0,44
A3915,2024,9,56305.0,BILBAO - DURANGO - ONDARROA (Autopista),2024-09-01,53274.0,45
A3915,2024,10,60346.0,BILBAO - DURANGO - ONDARROA (Autopista),2024-10-01,56056.0,46
A3915,2024,11,61069.0,BILBAO - DURANGO - ONDARROA (Autopista),2024-11-01,53913.0,47
A3915,2024,12,57623.0,BILBAO - DURANGO - ONDARROA (Autopista),2024-12-01,53058.0,48
A3915,2025,1,51071.0,BILBAO - DURANGO - ONDARROA (Autopista),2025-01-01,50.724,49
A3915,2025,2,64849.0,BILBAO - DURANGO - ONDARROA (Autopista),2025-02-01,51481.0,50
A3915,2025,3,62967.0,BILBAO - DURANGO - ONDARROA (Autopista),2025-03-01,53269.0,51
A3915,2025,4,57639.0,BILBAO - DURANGO - ONDARROA (Autopista),2025-04-01,54381.0,52
A3915,2025,5,66583.0,BILBAO - DURANGO - ONDARROA (Autopista),2025-05-01,58499.0,53
A3915,2025,6,65944.0,BILBAO - DURANGO - ONDARROA (Autopista),2025-06-01,57972.0,54
A3915,2025,7,61101.0,BILBAO - DURANGO - ONDARROA (Autopista),2025-07-01,54735.0,55
A3915,2025,8,53286.0,BILBAO - DURANGO - ONDARROA (Autopista),2025-08-01,53496.0,56
A3915,2025,9,61645.0,BILBAO - DURANGO - ONDARROA (Autopista),2025-09-01,56305.0,57
A3915,2025,10,65672.0,BILBAO - DURANGO - ONDARROA (Autopista),2025-10-01,60346.0,58
A3915,2025,11,59839.0,BILBAO - DURANGO - ONDARROA (Autopista),2025-11-01,61069.0,59
A3915,2025,12,59007.0,BILBAO - DURANGO - ONDARROA (Autopista),2025-12-01,57623.0,60
A3916,2021,1,17292.0,BILBAO - ERMUA - ONDARROA (Autopista),2021-01-01,28342.0,1
A3916,2021,2,17619.0,BILBAO - ERMUA - ONDARROA (Autopista),2021-02-01,29623.0,2
A3916,2021,3,22557.0,BILBAO - ERMUA - ONDARROA (Autopista),2021-03-01,14207.0,3
A3916,2021,4,17655.0,BILBAO - ERMUA - ONDARROA (Autopista),2021-04-01,2807.0,4
A3916,2021,5,23245.0,BILBAO - ERMUA - ONDARROA (Autopista),2021-05-01,7407.0,5
A3916,2021,6,24204.0,BILBAO - ERMUA - ONDARROA (Autopista),2021-06-01,16957.0,6
A3916,2021,7,23318.0,BILBAO - ERMUA - ONDARROA (Autopista),2021-07-01,20469.0,7
A3916,2021,8,20015.0,BILBAO - ERMUA - ONDARROA (Autopista),2021-08-01,15920.0,8
A3916,2021,9,25080.0,BILBAO - ERMUA - ONDARROA (Autopista),2021-09-01,21500.0,9
A3916,2021,10,26917.0,BILBAO - ERMUA - ONDARROA (Autopista),2021-10-01,21977.0,10
A3916,2021,11,26236.0,BILBAO - ERMUA - ONDARROA (Autopista),2021-11-01,17784.0,11
A3916,2021,12,22968.0,BILBAO - ERMUA - ONDARROA (Autopista),2021-12-01,17612.0,12
A3916,2022,1,21598.0,BILBAO - ERMUA - ONDARROA (Autopista),2022-01-01,17292.0,13
A3916,2022,2,24495.0,BILBAO - ERMUA - ONDARROA (Autopista),2022-02-01,17619.0,14
A3916,2022,3,29154.0,BILBAO - ERMUA - ONDARROA (Autopista),2022-03-01,22557.0,15
A3916,2022,4,25386.0,BILBAO - ERMUA - ONDARROA (Autopista),2022-04-01,17655.0,16
A3916,2022,5,30399.0,BILBAO - ERMUA - ONDARROA (Autopista),2022-05-01,23245.0,17
A3916,2022,6,29386.0,BILBAO - ERMUA - ONDARROA (Autopista),2022-06-01,24204.0,18
A3916,2022,7,28958.0,BILBAO - ERMUA - ONDARROA (Autopista),2022-07-01,23318.0,19
A3916,2022,8,25260.0,BILBAO - ERMUA - ONDARROA (Autopista),2022-08-01,20015.0,20
A3916,2022,9,30910.0,BILBAO - ERMUA - ONDARROA (Autopista),2022-09-01,25080.0,21
A3916,2022,10,32276.0,BILBAO - ERMUA - ONDARROA (Autopista),2022-10-01,26917.0,22
A3916,2022,11,28584.0,BILBAO - ERMUA - ONDARROA (Autopista),2022-11-01,26236.0,23
A3916,2022,12,27449.0,BILBAO - ERMUA - ONDARROA (Autopista),2022-12-01,22968.0,24
A3916,2023,1,21668.0,BILBAO - ERMUA - ONDARROA (Autopista),2023-01-01,21598.0,25
A3916,2023,2,23000.0,BILBAO - ERMUA - ONDARROA (Autopista),2023-02-01,24495.0,26
A3916,2023,3,26852.0,BILBAO - ERMUA - ONDARROA (Autopista),2023-03-01,29154.0,27
A3916,2023,4,28868.0,BILBAO - ERMUA - ONDARROA (Autopista),2023-04-01,25386.0,28
A3916,2023,5,34318.0,BILBAO - ERMUA - ONDARROA (Autopista),2023-05-01,30399.0,29
A3916,2023,6,33572.0,BILBAO - ERMUA - ONDARROA (Autopista),2023-06-01,29386.0,30
A3916,2023,7,33545.0,BILBAO - ERMUA - ONDARROA (Autopista),2023-07-01,28958.0,31
A3916,2023,8,29004.0,BILBAO - ERMUA - ONDARROA (Autopista),2023-08-01,25260.0,32
A3916,2023,9,36311.0,BILBAO - ERMUA - ONDARROA (Autopista),2023-09-01,30910.0,33
A3916,2023,10,39170.0,BILBAO - ERMUA - ONDARROA (Autopista),2023-10-01,32276.0,34
A3916,2023,11,37313.0,BILBAO - ERMUA - ONDARROA (Autopista),2023-11-01,28584.0,35
A3916,2023,12,35269.0,BILBAO - ERMUA - ONDARROA (Autopista),2023-12-01,27449.0,36
A3916,2024,1,34.25,BILBAO - ERMUA - ONDARROA (Autopista),2024-01-01,21668.0,37
A3916,2024,2,35400.0,BILBAO - ERMUA - ONDARROA (Autopista),2024-02-01,23000.0,38
A3916,2024,3,36580.0,BILBAO - ERMUA - ONDARROA (Autopista),2024-03-01,26852.0,39
A3916,2024,4,37878.0,BILBAO - ERMUA - ONDARROA (Autopista),2024-04-01,28868.0,40
A3916,2024,5,39840.0,BILBAO - ERMUA - ONDARROA (Autopista),2024-05-01,34318.0,41
A3916,2024,6,37578.0,BILBAO - ERMUA - ONDARROA (Autopista),2024-06-01,33572.0,42
A3916,2024,7,39165.0,BILBAO - ERMUA - ONDARROA (Autopista),2024-07-01,33545.0,43
A3916,2024,8,33648.0,BILBAO - ERMUA - ONDARROA (Autopista),2024-08-01,29004.0,44
A3916,2024,9,38799.0,BILBAO - ERMUA - ONDARROA (Autopista),2024-09-01,36311.0,45
A3916,2024,10,42622.0,BILBAO - ERMUA - ONDARROA (Autopista),2024-10-01,39170.0,46
A3916,2024,11,40566.0,BILBAO - ERMUA - ONDARROA (Autopista),2024-11-01,37313.0,47
A3916,2024,12,37560.0,BILBAO - ERMUA - ONDARROA (Autopista),2024-12-01,35269.0,48
A3916,2025,1,33995.0,BILBAO - ERMUA - ONDARROA (Autopista),2025-01-01,34.25,49
A3916,2025,2,42521.0,BILBAO - ERMUA - ONDARROA (Autopista),2025-02-01,35400.0,50
A3916,2025,3,41794.0,BILBAO - ERMUA - ONDARROA (Autopista),2025-03-01,36580.0,51
A3916,2025,4,37919.0,BILBAO - ERMUA - ONDARROA (Autopista),2025-04-01,37878.0,52
A3916,2025,5,43541.0,BILBAO - ERMUA - ONDARROA (Autopista),2025-05-01,39840.0,53
A3916,2025,6,44038.0,BILBAO - ERMUA - ONDARROA (Autopista),2025-06-01,37578.0,54
A3916,2025,7,42823.0,BILBAO - ERMUA - ONDARROA (Autopista),2025-07-01,39165.0,55
A3916,2025,8,37226.0,BILBAO - ERMUA - ONDARROA (Autopista),2025-08-01,33648.0,56
A3916,2025,9,43863.0,BILBAO - ERMUA - ONDARROA (Autopista),2025-09-01,38799.0,57
A3916,2025,10,45705.0,BILBAO - ERMUA - ONDARROA (Autopista),2025-10-01,42622.0,58
A3916,2025,11,42351.0,BILBAO - ERMUA - ONDARROA (Autopista),2025-11-01,40566.0,59
A3916,2025,12,40305.0,BILBAO - ERMUA - ONDARROA (Autopista),2025-12-01,37560.0,60
A3933,2021,1,19449.0,BILBAO - DURANGO (Autopista),2021-01-01,34049.0,1
A3933,2021,2,19563.0,BILBAO - DURANGO (Autopista),2021-02-01,35938.0,2
A3933,2021,3,25275.0,BILBAO - DURANGO (Autopista),2021-03-01,17889.0,3
A3933,2021,4,19932.0,BILBAO - DURANGO (Autopista),2021-04-01,1806.0,4
A3933,2021,5,24757.0,BILBAO - DURANGO (Autopista),2021-05-01,5937.0,5
A3933,2021,6,28512.0,BILBAO - DURANGO (Autopista),2021-06-01,16174.0,6
A3933,2021,7,23101.0,BILBAO - DURANGO (Autopista),2021-07-01,19203.0,7
A3933,2021,8,11889.0,BILBAO - DURANGO (Autopista),2021-08-01,9289.0,8
A3933,2021,9,28088.0,BILBAO - DURANGO (Autopista),2021-09-01,23106.0,9
A3933,2021,10,30736.0,BILBAO - DURANGO (Autopista),2021-10-01,24522.0,10
A3933,2021,11,33476.0,BILBAO - DURANGO (Autopista),2021-11-01,23166.0,11
A3933,2021,12,27054.0,BILBAO - DURANGO (Autopista),2021-12-01,21095.0,12
A3933,2022,1,24846.0,BILBAO - DURANGO (Autopista),2022-01-01,19449.0,13
A3933,2022,2,29408.0,BILBAO - DURANGO (Autopista),2022-02-01,19563.0,14
A3933,2022,3,36455.0,BILBAO - DURANGO (Autopista),2022-03-01,25275.0,15
A3933,2022,4,24696.0,BILBAO - DURANGO (Autopista),2022-04-01,19932.0,16
A3933,2022,5,31809.0,BILBAO - DURANGO (Autopista),2022-05-01,24757.0,17
A3933,2022,6,31345.0,BILBAO - DURANGO (Autopista),2022-06-01,28512.0,18
A3933,2022,7,22824.0,BILBAO - DURANGO (Autopista),2022-07-01,23101.0,19
A3933,2022,8,15598.0,BILBAO - DURANGO (Autopista),2022-08-01,11889.0,20
A3933,2022,9,33034.0,BILBAO - DURANGO (Autopista),2022-09-01,28088.0,21
A3933,2022,10,35836.0,BILBAO - DURANGO (Autopista),2022-10-01,30736.0,22
A3933,2022,11,39589.0,BILBAO - DURANGO (Autopista),2022-11-01,33476.0,23
A3933,2022,12,34560.0,BILBAO - DURANGO (Autopista),2022-12-01,27054.0,24
A3933,2023,1,35364.0,BILBAO - DURANGO (Autopista),2023-01-01,24846.0,25
A3933,2023,2,38279.0,BILBAO - DURANGO (Autopista),2023-02-01,29408.0,26
A3933,2023,3,45257.0,BILBAO - DURANGO (Autopista),2023-03-01,36455.0,27
A3933,2023,4,29251.0,BILBAO - DURANGO (Autopista),2023-04-01,24696.0,28
A3933,2023,5,40294.0,BILBAO - DURANGO (Autopista),2023-05-01,31809.0,29
A3933,2023,6,37642.0,BILBAO - DURANGO (Autopista),2023-06-01,31345.0,30
A3933,2023,7,27468.0,BILBAO - DURANGO (Autopista),2023-07-01,22824.0,31
A3933,2023,8,17121.0,BILBAO - DURANGO (Autopista),2023-08-01,15598.0,32
A3933,2023,9,37179.0,BILBAO - DURANGO (Autopista),2023-09-01,33034.0,33
A3933,2023,10,41380.0,BILBAO - DURANGO (Autopista),2023-10-01,35836.0,34
A3933,2023,11,42262.0,BILBAO - DURANGO (Autopista),2023-11-01,39589.0,35
A3933,2023,12,33857.0,BILBAO - DURANGO (Autopista),2023-12-01,34560.0,36
A3933,2024,1,40.628,BILBAO - DURANGO (Autopista),2024-01-01,35364.0,37
A3933,2024,2,42225.0,BILBAO - DURANGO (Autopista),2024-02-01,38279.0,38
A3933,2024,3,37508.0,BILBAO - DURANGO (Autopista),2024-03-01,45257.0,39
A3933,2024,4,40785.0,BILBAO - DURANGO (Autopista),2024-04-01,29251.0,40
A3933,2024,5,42381.0,BILBAO - DURANGO (Autopista),2024-05-01,40294.0,41
A3933,2024,6,36772.0,BILBAO - DURANGO (Autopista),2024-06-01,37642.0,42
A3933,2024,7,33896.0,BILBAO - DURANGO (Autopista),2024-07-01,27468.0,43
A3933,2024,8,19176.0,BILBAO - DURANGO (Autopista),2024-08-01,17121.0,44
A3933,2024,9,39548.0,BILBAO - DURANGO (Autopista),2024-09-01,37179.0,45
A3933,2024,10,47281.0,BILBAO - DURANGO (Autopista),2024-10-01,41380.0,46
A3933,2024,11,41239.0,BILBAO - DURANGO (Autopista),2024-11-01,42262.0,47
A3933,2024,12,37992.0,BILBAO - DURANGO (Autopista),2024-12-01,33857.0,48
A3933,2025,1,40229.0,BILBAO - DURANGO (Autopista),2025-01-01,40.628,49
A3933,2025,2,42864.0,BILBAO - DURANGO (Autopista),2025-02-01,42225.0,50
A3933,2025,3,43591.0,BILBAO - DURANGO (Autopista),2025-03-01,37508.0,51
A3933,2025,4,36930.0,BILBAO - DURANGO (Autopista),2025-04-01,40785.0,52
A3933,2025,5,39771.0,BILBAO - DURANGO (Autopista),2025-05-01,42381.0,53
A3933,2025,6,35214.0,BILBAO - DURANGO (Autopista),2025-06-01,36772.0,54
A3933,2025,7,32973.0,BILBAO - DURANGO (Autopista),2025-07-01,33896.0,55
A3933,2025,8,17813.0,BILBAO - DURANGO (Autopista),2025-08-01,19176.0,56
A3933,2025,9,42062.0,BILBAO - DURANGO (Autopista),2025-09-01,39548.0,57
A3933,2025,10,49527.0,BILBAO - DURANGO (Autopista),2025-10-01,47281.0,58
A3933,2025,11,45440.0,BILBAO - DURANGO (Autopista),2025-11-01,41239.0,59
A3933,2025,12,53246.0,BILBAO - DURANGO (Autopista),2025-12-01,37992.0,60
